<?xml version="1.0" encoding="UTF-8"?>
<templates xml:space="preserve">
  <t t-name="company_kpi.DailyChallenge" owl="1">
    <div class="custom-daily-dashboard-wrapper">
      <div class="dashboard-scroll-wrapper">
        <div class="o_partner_data_wrapper">

          <!-- ======================
               Filters: Date From / Date To / Polling Interval
               ====================== -->
          <div class="date-filters">
            <div class="calendar-component">
              <label>
                <span class="calendar-label">From</span>
                <input
                  type="date"
                  name="date_from"
                  t-model="state.date_from"
                  t-on-change="onInputChange"
                />
              </label>
            </div>
            <div class="calendar-component">
              <label>
                <span class="calendar-label">To</span>
                <input
                  type="date"
                  name="date_to"
                  t-model="state.date_to"
                  t-on-change="onInputChange"
                />
              </label>
            </div>
            <div class="calendar-component wide-select">
              <label class="inline-label">
                <span class="calendar-label">Refresh</span>
                <select
                  name="polling_interval"
                  t-model="state.polling_interval"
                  t-on-change="onInputChange"
                >
                  <option value="1000">1 Second</option>
                  <option value="5000">5 Seconds</option>
                  <option value="10000">10 Seconds (Default)</option>
                  <option value="20000">20 Seconds</option>
                  <option value="30000">30 Seconds</option>
                  <option value="60000">1 Minute</option>
                  <option value="180000">3 Minutes</option>
                  <option value="300000">5 Minutes</option>
                  <option value="600000">10 Minutes</option>
                  <option value="1800000">30 Minutes</option>
                  <option value="3600000">1 Hour</option>
                  <option value="21600000">6 Hours</option>
                </select>
              </label>
            </div>
          </div>

          <!-- ======================
               KPI Boxes Grid
               ====================== -->
          <div class="o_team_stat_grid">
            <t t-foreach="state.kpis" t-as="kpi" t-key="kpi.id">
              <div class="kpi-box">

                <ul>
                  <!-- ========
                       1) TARGET ROW: "KPI Name — Target: 5000"
                       ======== -->
                  <li class="target-row">
                    <span class="target-text">
                      <t t-esc="kpi.name"/>
                    </span>
                     — Target:
                    <t t-esc="kpi.target or '—'"/>
                  </li>

                  <!-- ========
                       2) AGENT LIST (if any)
                       ======== -->
                  <t t-if="kpi.top_agents.length">
                    <t t-foreach="kpi.top_agents" t-as="agent" t-key="agent.name">
                      <li t-att-class="agent.changed ? 'highlight-bounce' : ''">
                        <strong><t t-esc="agent.name"/></strong> — <t t-esc="agent.value"/>
                      </li>
                    </t>
                  </t>

                  <!-- ========
                       3) “No agents to display” fallback
                       ======== -->
                  <t t-if="!kpi.top_agents.length">
                    <li>No agents to display</li>
                  </t>
                </ul>

              </div>
            </t>
          </div>
          <!-- /.o_team_stat_grid -->

        </div>
      </div>
    </div>
  </t>
</templates>
