<odoo>
    <record id="softskills_config_none" model="telesales.softskills.config">
        <field name="name">None</field>
    </record>

    <record id="softskills_config_excellent" model="telesales.softskills.config">
        <field name="name">Excellent</field>
    </record>

    <record id="softskills_config_good" model="telesales.softskills.config">
        <field name="name">Good</field>
    </record>

    <record id="softskills_config_fair" model="telesales.softskills.config">
        <field name="name">Fair</field>
    </record>

    <record id="softskills_config_poor" model="telesales.softskills.config">
        <field name="name">Poor</field>
    </record>
</odoo>
