<?xml version="1.0" encoding="utf-8"?>
<odoo>

    <record id="kpi_config_income" model="kpi.config">
        <field name="name">Income</field>
        <field name="target">10000</field> <!-- example -->
        <field name="weight">25</field>
        <field name="show_on_screen">True</field>
    </record>

    <record id="kpi_config_inbound" model="kpi.config">
        <field name="name">Inbound</field>
        <field name="target">110</field>
        <field name="weight">25</field>
        <field name="show_on_screen">True</field>
    </record>

    <record id="kpi_config_outbound" model="kpi.config">
        <field name="name">Outbound</field>
        <field name="target">100</field>
        <field name="weight">25</field>
        <field name="show_on_screen">True</field>
    </record>

    <record id="kpi_config_bookings" model="kpi.config">
        <field name="name">Bookings</field>
        <field name="target">50</field>
        <field name="weight">25</field>
        <field name="show_on_screen">True</field>
    </record>

    <record id="kpi_config_referrals" model="kpi.config">
        <field name="name">Referrals</field>
        <field name="target">50</field> <!-- example -->
        <field name="weight">25</field>
        <field name="show_on_screen">False</field>
    </record>

</odoo>
