<templates xml:space="preserve">
  <t t-name="custom_dashboards.TeamKPIPage" owl="1">
    <div class="custom-team-kpi-wrapper">
      <div class="dashboard-scroll-wrapper">
        <div class="o_partner_data_wrapper">

          <div class="date-filters">
            <div class="calendar-component">
              <label>
                <span class="calendar-label">From</span>
                <input type="date" name="date_from" t-model="state.date_from" t-on-change="onInputChange" />
              </label>
            </div>
            <div class="calendar-component">
              <label>
                <span class="calendar-label">To</span>
                <input type="date" name="date_to" t-model="state.date_to" t-on-change="onInputChange" />
              </label>
            </div>
          </div>

          <div class="action-buttons">
            <button class="action-btn btn-dashboard-active" t-on-click="fetchTeamTypes">Team Type</button>
            <t t-if="state.teamTypes.length">
              <t t-foreach="state.teamTypes" t-as="type" t-key="type.key">
                <button
                  class="action-btn btn-dashboard-inactive"
                  t-att-data-key="type.key"
                  t-on-click="onSelectTeamType">
                  <t t-esc="type.label" />
                </button>
              </t>
            </t>
          </div>

          <div class="action-buttons" t-if="state.teams.length">
            <t t-foreach="state.teams" t-as="team" t-key="team.id">
              <button
                t-att-class="'action-btn ' + (state.visible[team.id] ? 'btn-dashboard-active' : 'btn-dashboard-inactive')"
                t-att-data-team-id="team.id"
                t-on-click="toggleVisibility">
                <t t-esc="team.name" />
              </button>
            </t>
          </div>

          <div class="top-section">
            <t t-foreach="state.teams" t-as="team" t-key="team.id">
              <t t-if="state.visible[team.id]">
                <div class="team-box box">
                  <h3 class="box-title">
                    <t t-esc="team.name" />
                  </h3>

                  <t t-if="state.date_from and state.date_to">
                    <t t-if="state.teamMembers[team.id] and state.teamMembers[team.id].length">
                      <table class="styled-table">
                        <thead>
                          <tr>
                            <th>Name</th>
                            <th>Reservations</th>
                            <th>Arrived</th>
                            <th>Paid Amount</th>
                          </tr>
                        </thead>
                        <tbody>
                          <t t-foreach="state.teamMembers[team.id]" t-as="user" t-key="user[0]">
                            <tr>
                              <td><t t-esc="user[1]" /></td>
                              <td><t t-esc="state.memberStats[user[0]]?.reservations || 0" /></td>
                              <td><t t-esc="state.memberStats[user[0]]?.arrived || 0" /></td>
                              <td><t t-esc="Math.round(state.memberStats[user[0]]?.paid || 0)" /></td>
                            </tr>
                          </t>
                          <tr class="totals-row">
                            <td><strong>Total</strong></td>
                            <td><strong><t t-esc="state.teamTotals[team.id]?.reservations || 0" /></strong></td>
                            <td><strong><t t-esc="state.teamTotals[team.id]?.arrived || 0" /></strong></td>
                            <td><strong><t t-esc="Math.round(state.teamTotals[team.id]?.paid || 0)" /></strong></td>
                          </tr>
                        </tbody>
                      </table>
                    </t>
                    <t t-if="!state.teamMembers[team.id] || !state.teamMembers[team.id].length">
                      <p style="text-align:center; color:gray; padding-top:10px;">No members found for this team.</p>
                    </t>
                  </t>

                  <t t-if="!(state.date_from and state.date_to)">
                    <p style="text-align:center; color:#999; padding-top:20px;">
                      Please select both dates to load KPI data.
                    </p>
                  </t>
                </div>
              </t>
            </t>
          </div>

        </div>
      </div>
    </div>
  </t>
</templates>
